claim_id,policy_id,promised_line_id,insured_name,loss_date,report_date,close_date,claim_status,loss_type,loss_description,location_state,paid_amount,reserved_amount,total_incurred,deductible_applied,recovery_amount,net_incurred,cause_of_loss,cat_event_flag,cat_event_name,large_loss_flag
CLM-000001,POL-0001-2026,PL-01000,Pacific Retail Grp,2026-03-03,2026-03-05,2027-02-11,Closed,Fire,"Kitchen fire in food court unit, contained by sprinkler system. Minimal damage to adjacent units.",GA,125000,0,125000,120000,5476,122500,Fire,False,,False
CLM-000002,POL-0002-2026,PL-01001,ACME INDUSTRIAL,2025-11-13,2025-11-15,2026-06-26,Closed,Fire,"Electrical fire in metalworking shop, caught early by night watchman. Equipment damage only.",OH,85000,0,85000,45000,760,83300,Fire,False,,False
CLM-000003,POL-0002-2026,PL-01001,Acme Industrial Holdings,2025-03-08,2025-03-14,2025-04-12,Closed,Water Damage,Burst water main caused flooding in warehouse section. Inventory and flooring damage.,OH,200000,0,200000,45000,4420,196000,Water Damage,False,,False
CLM-000004,POL-0005-2026,PL-01004,Western Distribution,2026-01-31,2026-02-05,2026-06-09,Closed,Fire,Forklift battery charging station fire. Building damage and 3 forklifts destroyed.,CO,180000,0,180000,65000,5275,176400,Fire,False,,False
CLM-000005,POL-0005-2026,PL-01004,WESTERN DISTRIBUTION CORP,2025-07-25,2025-07-28,2025-10-11,Closed,Collapse,Roof section collapse from accumulated snow load. Racking and stored goods damaged.,CO,95000,0,95000,65000,4350,93100,Collapse,False,,False
CLM-000006,POL-0005-2026,PL-01004,Western Dist Corp,2025-03-27,2025-04-01,2025-05-02,Closed,Theft/Vandalism,Break-in at distribution hub. Electronics and high-value goods stolen.,CO,42000,0,42000,65000,573,41160,Theft/Vandalism,False,,False
CLM-000007,POL-0005-2026,PL-01004,Western Dist Corp,2024-10-28,2024-11-03,2025-04-16,Closed,Water Damage,HVAC condensation leak damaged office area and server room.,CO,35000,0,35000,65000,837,34300,Water Damage,False,,False
CLM-000008,POL-0007-2026,PL-01006,Gulf Coast Energy Stg,2025-07-01,2025-07-02,,Open,Wind/Hurricane,Tropical Storm damage to storage facility roofing and external piping. Partial operational shutdown.,TX,145000,25000,170000,95000,5105,167100,Wind/Hurricane,True,Tropical Storm,False
CLM-000009,POL-0008-2026,PL-01007,Midwest Agricultural Coop,2026-01-02,2026-01-05,2026-12-18,Closed,Hail,Severe hail damaged metal roofing on 4 grain storage buildings.,MN,78000,0,78000,35000,3787,76440,Hail,False,,False
CLM-000010,POL-0008-2026,PL-01007,Midwest Agri Cooperative,2025-07-16,2025-07-23,2025-08-30,Closed,Lightning,"Lightning strike caused electrical surge, damaged grain drying equipment.",MN,45000,0,45000,35000,2087,44100,Lightning,False,,False
CLM-000011,POL-0008-2026,PL-01007,MIDWEST AG COOP,2025-01-17,2025-01-22,2026-01-05,Closed,Wind/Hurricane,Straight-line winds damaged siding on 2 outbuildings.,MN,32000,0,32000,35000,784,31360,Wind/Hurricane,True,Tropical Storm,False
CLM-000012,POL-0009-2026,PL-01008,Atlantic Seafood,2025-09-02,2025-09-06,,Open,Equipment Breakdown,Catastrophic refrigeration system failure. Complete loss of cold storage inventory ($1.8M) plus equipment replacement and BI.,MA,2100000,150000,2250000,50000,91868,2208000,Equipment Breakdown,False,,True
CLM-000013,POL-0009-2026,PL-01008,Atlantic Seafood Processing,2025-01-25,2025-02-01,2025-11-30,Closed,Water Damage,"Processing floor drain backup, contamination of production area.",MA,65000,0,65000,50000,124,63700,Water Damage,False,,False
CLM-000014,POL-0009-2026,PL-01008,Atlantic Seafood,2024-07-09,2024-07-10,2025-06-17,Closed,Fire,"Small grease fire in smoking facility, contained quickly.",MA,28000,0,28000,50000,214,27440,Fire,False,,False
CLM-000015,POL-0010-2026,PL-01009,Summit Office Partners,2026-01-24,2026-01-30,2026-05-24,Closed,Water Damage,Pipe burst on 14th floor during weekend. Water damage to 3 floors of office space.,NY,38000,0,38000,75000,157,37240,Water Damage,False,,False
CLM-000016,POL-01115,PL-01115,Norfolk Agricultural Holdings,2024-01-20,2024-01-25,,Open,Fire,Cooking fire spread to adjacent area,TN,694728,20315,715043,25000,21328,715043,Fire,False,,True
CLM-000017,POL-01011,PL-01011,Uptown Retail Partners,2024-12-23,2024-12-26,2025-11-18,Closed,Wind/Hurricane,High winds damaged signage and awnings,TX,1665259,0,1665259,112772,42992,1665259,Wind/Hurricane,True,,True
CLM-000018,POL-01655,PL-01655,Jasper Distribution LLC,2021-05-14,2021-05-18,2022-02-24,Closed,Water Damage,Roof leak during heavy rain,OR,318200,0,318200,54048,4242,318200,Water Damage,False,,True
CLM-000019,POL-01169,PL-01169,Portland Warehousing Inc,2023-11-02,2023-11-09,2024-02-28,Closed,Water Damage,Pipe burst caused interior flooding,MA,121433,0,121433,179644,1662,121433,Water Damage,False,,False
CLM-000020,POL-01350,PL-01350,Platinum Automotive Corp,2021-06-26,2021-07-06,2022-03-20,Closed,Fire,Electrical fire in utility room,CO,526927,0,526927,258115,24186,526927,Fire,False,,True
CLM-000021,POL-01186,PL-01186,Lakewood Healthcare Systems,2021-02-11,2021-02-24,2021-06-07,Closed,Theft/Vandalism,"Forced entry, electronics stolen",CA,53988,0,53988,25000,1722,53988,Theft/Vandalism,False,,False
CLM-000022,POL-01459,PL-01459,Trafalgar Real Estate,2025-09-11,2025-09-22,2026-09-04,Closed,Fire,Cooking fire spread to adjacent area,NJ,779791,0,779791,25000,29469,779791,Fire,False,,True
CLM-000023,POL-01131,PL-01131,Westfield Shopping Centres,2022-07-26,2022-07-29,2023-06-10,Closed,Wind/Hurricane,Tropical storm caused debris impact damage,MA,1009655,0,1009655,193600,11407,1009655,Wind/Hurricane,True,,True
CLM-000024,POL-01194,PL-01194,Bayside Properties LLC,2022-06-16,2022-06-28,2023-02-26,Closed,Wind/Hurricane,Tropical storm caused debris impact damage,WI,606263,0,606263,150377,14849,606263,Wind/Hurricane,True,,True
CLM-000025,POL-01571,PL-01571,Stonebridge Real Estate,2025-08-26,2025-09-06,2025-12-21,Closed,Water Damage,Pipe burst caused interior flooding,WA,295329,0,295329,32298,5695,295329,Water Damage,False,,True
CLM-000026,POL-01533,PL-01533,Zephyr Logistics Holdings,2024-08-16,2024-08-29,2025-02-09,Closed,Hail,Severe hailstorm damaged roofing and skylights,LA,596503,0,596503,134217,20867,596503,Hail,False,,True
CLM-000027,POL-01493,PL-01493,Northstar Distribution Co,2023-11-18,2023-12-01,2024-04-03,Closed,Hail,Hail damage to vehicles in parking structure,WA,456153,0,456153,77441,10666,456153,Hail,False,,True
CLM-000028,POL-01027,PL-01027,Frontier Agricultural Services,2023-09-01,2023-09-04,2024-05-27,Closed,Collapse,Partial wall collapse,IN,659073,0,659073,207078,18578,659073,Collapse,False,,True
CLM-000029,POL-01646,PL-01646,Harbor Point Industries,2024-07-13,2024-07-19,2024-08-16,Closed,Hail,Severe hailstorm damaged roofing and skylights,CA,58955,0,58955,25000,1401,58955,Hail,False,,False
CLM-000030,POL-01338,PL-01338,Silverstone Automotive Group,2022-09-20,2022-09-23,2023-06-16,Closed,Hail,Hail cracked exterior cladding,IN,96116,0,96116,136514,3614,96116,Hail,False,,False
CLM-000031,POL-01443,PL-01443,Highland Hospitality Group,2023-06-10,2023-06-22,2024-01-30,Closed,Equipment Breakdown,Boiler malfunction,IL,221707,0,221707,44756,2799,221707,Equipment Breakdown,False,,False
CLM-000032,POL-01383,PL-01383,Junction City Warehousing,2021-03-24,2021-03-28,2022-01-07,Closed,Hail,Severe hailstorm damaged roofing and skylights,OR,310232,0,310232,29001,6606,310232,Hail,False,,True
CLM-000033,POL-01271,PL-01271,Fitzwilliam Office Trust,2022-09-08,2022-09-18,,Open,Lightning,Lightning strike damaged electrical systems,CT,132210,20315,152525,26529,4970,152525,Lightning,False,,False
CLM-000034,POL-01128,PL-01128,Meridian Healthcare Properties,2025-06-12,2025-06-25,,Open,Theft/Vandalism,"Forced entry, electronics stolen",LA,180599,4897,185496,29259,3125,185496,Theft/Vandalism,False,,False
CLM-000035,POL-01406,PL-01406,Coastal Hospitality Group,2022-09-10,2022-09-15,,Open,Fire,Electrical fire in utility room,LA,70826,18760,89586,64501,836,89586,Fire,False,,False
CLM-000036,POL-01211,PL-01211,Silverstone Automotive Group,2024-02-12,2024-02-26,2024-09-20,Closed,Water Damage,Pipe burst caused interior flooding,MA,278447,0,278447,235654,2218,278447,Water Damage,False,,True
CLM-000037,POL-01105,PL-01105,Olympia Agricultural Co,2023-08-26,2023-09-06,2024-04-04,Closed,Water Damage,Sprinkler malfunction caused water damage,TX,265375,0,265375,34877,3220,265375,Water Damage,False,,True
CLM-000038,POL-01101,PL-01101,Hampshire Tech Parks Ltd,2023-03-30,2023-04-12,2023-10-13,Closed,Water Damage,HVAC condensation leak,AZ,136424,0,136424,250077,4982,136424,Water Damage,False,,False
CLM-000039,POL-01433,PL-01433,Imperial Tech Solutions,2024-10-03,2024-10-15,2025-08-29,Closed,Hail,Severe hailstorm damaged roofing and skylights,MO,339104,0,339104,162741,15015,339104,Hail,False,,True
CLM-000040,POL-01177,PL-01177,Uptown Retail Partners,2025-08-13,2025-08-14,2026-07-21,Closed,Equipment Breakdown,Boiler malfunction,WA,185035,0,185035,131987,5972,185035,Equipment Breakdown,False,,False
CLM-000041,POL-01139,PL-01139,Hampshire Tech Parks Ltd,2021-07-10,2021-07-16,2022-02-21,Closed,Water Damage,Roof leak during heavy rain,CT,40486,0,40486,57573,305,40486,Water Damage,False,,False
CLM-000042,POL-01309,PL-01309,Inverness Energy Group,2023-05-14,2023-05-17,,Open,Water Damage,Roof leak during heavy rain,MO,312446,89845,402291,60006,10659,402291,Water Damage,False,,True
CLM-000043,POL-01108,PL-01108,Riverside Agricultural Coop,2021-07-27,2021-08-07,2022-03-21,Closed,Water Damage,Pipe burst caused interior flooding,NJ,53924,0,53924,154683,860,53924,Water Damage,False,,False
CLM-000044,POL-01568,PL-01568,Coastal Hospitality Group,2024-10-04,2024-10-11,,Open,Water Damage,Sprinkler malfunction caused water damage,TN,265204,52018,317222,47347,722,317222,Water Damage,False,,True
CLM-000045,POL-01433,PL-01433,Imperial Tech Solutions,2025-07-02,2025-07-10,2026-04-15,Closed,Wind/Hurricane,Tropical storm caused debris impact damage,MO,1580422,0,1580422,162741,37420,1580422,Wind/Hurricane,True,,True
CLM-000046,POL-01337,PL-01337,Riverside Agricultural Coop,2023-05-19,2023-05-28,,Open,Flood,Storm surge caused basement flooding,SC,1460478,78357,1538835,31154,5842,1538835,Flood,True,,True
CLM-000047,POL-01004,PL-01004,Western Distribution,2022-02-09,2022-02-18,2023-01-19,Closed,Wind/Hurricane,High winds damaged signage and awnings,CO,2252556,0,2252556,65000,48980,2252556,Wind/Hurricane,True,,True
CLM-000048,POL-01462,PL-01462,Atlas Commercial Properties,2023-01-22,2023-01-23,2023-12-24,Closed,Wind/Hurricane,High winds damaged signage and awnings,WI,432275,0,432275,330054,5453,432275,Wind/Hurricane,True,,True
CLM-000049,POL-01338,PL-01338,Silverstone Automotive Group,2022-08-24,2022-08-30,,Open,Theft/Vandalism,Vandalism to exterior and lobby,IN,176035,14112,190147,136514,3932,190147,Theft/Vandalism,False,,False
CLM-000050,POL-01298,PL-01298,Timber Creek Manufacturing,2021-03-16,2021-03-25,2021-11-03,Closed,Hail,Severe hailstorm damaged roofing and skylights,MN,373636,0,373636,26864,1570,373636,Hail,False,,True
CLM-000051,POL-01099,PL-01099,Essex Food Manufacturing,2022-07-17,2022-07-23,2023-04-07,Closed,Fire,Cooking fire spread to adjacent area,VA,211751,0,211751,25000,8686,211751,Fire,False,,False
CLM-000052,POL-01563,PL-01563,Falcon Energy Partners,2021-10-28,2021-11-07,2022-10-19,Closed,Water Damage,Pipe burst caused interior flooding,MN,51787,0,51787,47039,1327,51787,Water Damage,False,,False
CLM-000053,POL-01712,PL-01712,Eclipse Energy Holdings,2023-05-16,2023-05-23,2023-06-26,Closed,Fire,Cooking fire spread to adjacent area,TN,978891,0,978891,25000,12571,978891,Fire,False,,True
CLM-000054,POL-01639,PL-01639,Vanguard Logistics Corp,2021-08-27,2021-09-09,2022-01-02,Closed,Equipment Breakdown,Generator failure during power outage,PA,63298,0,63298,46124,1948,63298,Equipment Breakdown,False,,False
CLM-000055,POL-01535,PL-01535,Inverness Energy Group,2023-02-06,2023-02-16,2023-11-05,Closed,Flood,Flash flooding entered ground floor,TN,441253,0,441253,25000,20639,441253,Flood,True,,True
CLM-000056,POL-01275,PL-01275,Falcon Energy Partners,2024-10-07,2024-10-08,2025-09-11,Closed,Equipment Breakdown,Boiler malfunction,MN,356889,0,356889,488165,12102,356889,Equipment Breakdown,False,,True
CLM-000057,POL-01273,PL-01273,Exeter Healthcare Properties,2024-09-07,2024-09-10,2025-02-24,Closed,Fire,Overheated machinery ignited nearby materials,GA,272993,0,272993,316404,8177,272993,Fire,False,,True
CLM-000058,POL-01626,PL-01626,Albion Commercial Group,2021-05-11,2021-05-21,,Open,Wind/Hurricane,Tropical storm caused debris impact damage,WA,655765,63860,719625,221372,23346,719625,Wind/Hurricane,True,,True
CLM-000059,POL-01459,PL-01459,Trafalgar Real Estate,2023-03-08,2023-03-16,2024-01-17,Closed,Hail,Severe hailstorm damaged roofing and skylights,NJ,395472,0,395472,25000,6734,395472,Hail,False,,True
CLM-000060,POL-01347,PL-01347,Hampshire Tech Parks Ltd,2023-10-19,2023-10-23,2024-08-16,Closed,Equipment Breakdown,Elevator motor failure,PA,93747,0,93747,25000,1828,93747,Equipment Breakdown,False,,False
CLM-000061,POL-01412,PL-01412,Omega Tech Campus LLC,2024-07-17,2024-07-25,2025-05-30,Closed,Fire,Overheated machinery ignited nearby materials,IN,905245,0,905245,38433,9394,905245,Fire,False,,True
CLM-000062,POL-01526,PL-01526,Canterbury Hotels PLC,2024-10-13,2024-10-21,2024-11-27,Closed,Water Damage,Roof leak during heavy rain,WA,127138,0,127138,25000,3718,127138,Water Damage,False,,False
CLM-000063,POL-01617,PL-01617,Canterbury Hotels PLC,2021-02-17,2021-03-02,2021-08-11,Closed,Water Damage,Sprinkler malfunction caused water damage,SC,176035,0,176035,326079,3303,176035,Water Damage,False,,False
CLM-000064,POL-01533,PL-01533,Zephyr Logistics Holdings,2021-07-18,2021-07-25,2021-12-06,Closed,Fire,Cooking fire spread to adjacent area,LA,664979,0,664979,134217,18976,664979,Fire,False,,True
CLM-000065,POL-01177,PL-01177,Uptown Retail Partners,2023-04-02,2023-04-11,2023-11-27,Closed,Flood,Storm surge caused basement flooding,WA,1173624,0,1173624,131987,12777,1173624,Flood,True,,True
CLM-000066,POL-01583,PL-01583,Silverstone Automotive Group,2024-09-22,2024-10-03,2025-09-11,Closed,Wind/Hurricane,High winds damaged signage and awnings,WA,1885919,0,1885919,39812,47365,1885919,Wind/Hurricane,True,,True
CLM-000067,POL-01527,PL-01527,Kensington Real Estate Trust,2023-08-09,2023-08-14,2024-04-25,Closed,Water Damage,Roof leak during heavy rain,CA,325669,0,325669,64712,6514,325669,Water Damage,False,,True
CLM-000068,POL-01001,PL-01001,Acme Industrial Holdings,2021-12-19,2021-12-30,2022-03-09,Closed,Water Damage,Sprinkler malfunction caused water damage,OH,141919,0,141919,45000,4634,141919,Water Damage,False,,False
CLM-000069,POL-01429,PL-01429,Keystone Office Holdings,2021-10-11,2021-10-21,2022-09-23,Closed,Water Damage,Pipe burst caused interior flooding,MN,247745,0,247745,25000,7067,247745,Water Damage,False,,False
CLM-000070,POL-01417,PL-01417,Meridian Healthcare Properties,2024-03-11,2024-03-22,2024-12-07,Closed,Lightning,Lightning strike damaged electrical systems,MI,111005,0,111005,200058,126,111005,Lightning,False,,False
CLM-000071,POL-01584,PL-01584,Norfolk Agricultural Holdings,2025-11-04,2025-11-08,2026-02-24,Closed,Earthquake,Foundation damage from earthquake,MI,2031524,0,2031524,383953,73445,2031524,Earthquake,True,,True
CLM-000072,POL-01242,PL-01242,Oxford Science Properties,2022-10-23,2022-10-26,2023-04-21,Closed,Fire,Electrical fire in utility room,FL,988398,0,988398,25000,10230,988398,Fire,False,,True
CLM-000073,POL-01461,PL-01461,United Pharma Holdings,2022-05-11,2022-05-24,2022-09-08,Closed,Water Damage,Sprinkler malfunction caused water damage,TX,264284,0,264284,114969,8475,264284,Water Damage,False,,True
CLM-000074,POL-01592,PL-01592,Xenon Technology Inc,2022-05-17,2022-05-25,2022-07-21,Closed,Flood,Flash flooding entered ground floor,CO,1320919,0,1320919,121528,2134,1320919,Flood,True,,True
CLM-000075,POL-01664,PL-01664,Yorkshire Building Materials,2023-03-01,2023-03-03,2023-10-30,Closed,Water Damage,HVAC condensation leak,MI,206918,0,206918,109649,5559,206918,Water Damage,False,,False
CLM-000076,POL-01706,PL-01706,Eastwood Retail Holdings,2021-02-18,2021-02-26,2021-11-21,Closed,Equipment Breakdown,Compressor failure in HVAC system,OR,301777,0,301777,397169,12247,301777,Equipment Breakdown,False,,True
CLM-000077,POL-01712,PL-01712,Eclipse Energy Holdings,2023-11-14,2023-11-25,2024-11-10,Closed,Equipment Breakdown,Boiler malfunction,TN,182616,0,182616,25000,7189,182616,Equipment Breakdown,False,,False
CLM-000078,POL-01107,PL-01107,Portland Warehousing Inc,2025-03-24,2025-04-06,2025-06-19,Closed,Fire,Cooking fire spread to adjacent area,TX,327249,0,327249,101720,6755,327249,Fire,False,,True
CLM-000079,POL-01339,PL-01339,Junction City Warehousing,2022-06-26,2022-06-28,2023-01-10,Closed,Fire,Electrical fire in utility room,OH,308207,0,308207,25000,13856,308207,Fire,False,,True
CLM-000080,POL-01484,PL-01484,Meridian Healthcare Properties,2024-11-12,2024-11-20,2025-05-30,Closed,Equipment Breakdown,Boiler malfunction,WI,347931,0,347931,143013,4486,347931,Equipment Breakdown,False,,True
CLM-000081,POL-01275,PL-01275,Falcon Energy Partners,2022-03-29,2022-04-04,,Open,Hail,Hail cracked exterior cladding,MN,466340,40351,506691,488165,16643,506691,Hail,False,,True
CLM-000082,POL-01306,PL-01306,Vista Energy Storage LLC,2023-09-01,2023-09-13,2024-05-13,Closed,Lightning,Lightning caused transformer failure,FL,64324,0,64324,25000,2391,64324,Lightning,False,,False
CLM-000083,POL-01680,PL-01680,Kingsway Distribution Ltd,2022-06-11,2022-06-22,2022-11-04,Closed,Fire,Electrical fire in utility room,CO,665300,0,665300,25000,19401,665300,Fire,False,,True
CLM-000084,POL-01147,PL-01147,Highland Hospitality Group,2025-03-07,2025-03-21,2025-12-26,Closed,Hail,Hail damage to vehicles in parking structure,CT,185275,0,185275,154222,5729,185275,Hail,False,,False
CLM-000085,POL-01167,PL-01167,Norfolk Agricultural Holdings,2023-10-24,2023-10-30,2024-08-16,Closed,Smoke Damage,Internal smoke damage from electrical short,NC,160222,0,160222,304513,6932,160222,Smoke Damage,False,,False
CLM-000086,POL-01480,PL-01480,Newport Industrial Corp,2023-09-19,2023-09-26,2023-10-26,Closed,Hail,Hail cracked exterior cladding,TX,527638,0,527638,119439,9032,527638,Hail,False,,True
CLM-000087,POL-01307,PL-01307,Fitzwilliam Office Trust,2025-02-01,2025-02-14,2025-05-03,Closed,Wind/Hurricane,High winds damaged signage and awnings,FL,496198,0,496198,55867,8844,496198,Wind/Hurricane,True,,True
CLM-000088,POL-01459,PL-01459,Trafalgar Real Estate,2025-08-05,2025-08-18,,Open,Hail,Hail cracked exterior cladding,NJ,397636,89021,486657,25000,14739,486657,Hail,False,,True
CLM-000089,POL-01366,PL-01366,Jasper Distribution LLC,2021-05-18,2021-05-23,,Open,Theft/Vandalism,Copper wire theft from HVAC units,MO,98683,9755,108438,39286,4177,108438,Theft/Vandalism,False,,False
CLM-000090,POL-01533,PL-01533,Zephyr Logistics Holdings,2022-05-23,2022-05-27,,Open,Flood,Storm surge caused basement flooding,LA,1458612,247979,1706591,134217,53927,1706591,Flood,True,,True
CLM-000091,POL-01675,PL-01675,Devonshire Properties Ltd,2025-01-09,2025-01-17,2025-05-09,Closed,Lightning,Lightning strike damaged electrical systems,MI,260106,0,260106,146417,3456,260106,Lightning,False,,True
CLM-000092,POL-01280,PL-01280,Xenon Technology Inc,2021-05-11,2021-05-14,2022-03-04,Closed,Fire,Overheated machinery ignited nearby materials,CT,256213,0,256213,107819,2661,256213,Fire,False,,True
CLM-000093,POL-01245,PL-01245,Mayfair Hospitality Ltd,2024-01-05,2024-01-18,2024-03-01,Closed,Hail,Hail damage to vehicles in parking structure,AL,365511,0,365511,146881,11584,365511,Hail,False,,True
CLM-000094,POL-01205,PL-01205,Grosvenor Retail Holdings,2021-07-24,2021-08-02,2022-06-20,Closed,Water Damage,Roof leak during heavy rain,TX,179664,0,179664,69816,4376,179664,Water Damage,False,,False
CLM-000095,POL-01563,PL-01563,Falcon Energy Partners,2025-01-14,2025-01-22,2026-01-08,Closed,Fire,Cooking fire spread to adjacent area,MN,491160,0,491160,47039,19787,491160,Fire,False,,True
CLM-000096,POL-01606,PL-01606,Liberty Food Services Inc,2023-04-14,2023-04-24,2023-09-29,Closed,Equipment Breakdown,Boiler malfunction,NC,446739,0,446739,100419,3943,446739,Equipment Breakdown,False,,True
CLM-000097,POL-01501,PL-01501,Essex Food Manufacturing,2022-06-26,2022-07-10,2023-04-24,Closed,Water Damage,Roof leak during heavy rain,TN,124314,0,124314,181990,1711,124314,Water Damage,False,,False
CLM-000098,POL-01558,PL-01558,Ridgeway Office Parks,2022-01-09,2022-01-17,,Open,Water Damage,Pipe burst caused interior flooding,NY,244072,55400,299472,57786,10902,299472,Water Damage,False,,True
CLM-000099,POL-01502,PL-01502,Richmond Data Centres LLC,2022-09-16,2022-09-18,,Open,Water Damage,Sprinkler malfunction caused water damage,IN,82095,10639,92734,169849,2618,92734,Water Damage,False,,False
CLM-000100,POL-01533,PL-01533,Zephyr Logistics Holdings,2022-09-22,2022-10-01,,Open,Equipment Breakdown,Generator failure during power outage,LA,111310,7740,119050,134217,4265,119050,Equipment Breakdown,False,,False
CLM-000101,POL-01466,PL-01466,Keystone Office Holdings,2024-03-15,2024-03-26,2024-07-02,Closed,Fire,Overheated machinery ignited nearby materials,AZ,364060,0,364060,63448,3493,364060,Fire,False,,True
CLM-000102,POL-01406,PL-01406,Coastal Hospitality Group,2021-11-18,2021-11-24,2022-09-08,Closed,Equipment Breakdown,Boiler malfunction,LA,387990,0,387990,64501,11547,387990,Equipment Breakdown,False,,True
CLM-000103,POL-01428,PL-01428,Xenon Technology Inc,2023-08-25,2023-09-08,2024-02-26,Closed,Equipment Breakdown,Generator failure during power outage,WA,143140,0,143140,33273,2191,143140,Equipment Breakdown,False,,False
CLM-000104,POL-01714,PL-01714,Richmond Data Centres LLC,2023-05-22,2023-06-01,2024-01-08,Closed,Water Damage,Sprinkler malfunction caused water damage,MI,285824,0,285824,25000,10893,285824,Water Damage,False,,True
CLM-000105,POL-01412,PL-01412,Omega Tech Campus LLC,2021-10-14,2021-10-22,2022-04-02,Closed,Fire,Electrical fire in utility room,IN,470612,0,470612,38433,4758,470612,Fire,False,,True
CLM-000106,POL-01647,PL-01647,Quantum Data Systems LLC,2022-10-22,2022-10-29,2023-06-04,Closed,Theft/Vandalism,Vandalism to exterior and lobby,SC,76907,0,76907,372221,2153,76907,Theft/Vandalism,False,,False
CLM-000107,POL-01209,PL-01209,Zephyr Logistics Holdings,2022-07-16,2022-07-18,2022-09-22,Closed,Equipment Breakdown,Elevator motor failure,MI,289373,0,289373,76902,4709,289373,Equipment Breakdown,False,,True
CLM-000108,POL-01474,PL-01474,Albion Commercial Group,2021-04-05,2021-04-18,2021-11-20,Closed,Lightning,Lightning caused transformer failure,SC,186023,0,186023,111105,2605,186023,Lightning,False,,False
CLM-000109,POL-01594,PL-01594,Zenith Food Processing Corp,2024-01-07,2024-01-13,,Open,Hail,Hail damage to vehicles in parking structure,IL,73217,7527,80744,96977,406,80744,Hail,False,,False
CLM-000110,POL-01133,PL-01133,Silverstone Automotive Group,2025-02-09,2025-02-16,2025-05-27,Closed,Earthquake,Structural cracking from seismic event,CA,407168,0,407168,36267,6084,407168,Earthquake,True,,True
CLM-000111,POL-01209,PL-01209,Zephyr Logistics Holdings,2024-01-25,2024-02-07,2024-07-06,Closed,Hail,Hail cracked exterior cladding,MI,285426,0,285426,76902,11664,285426,Hail,False,,True
CLM-000112,POL-01675,PL-01675,Devonshire Properties Ltd,2024-12-27,2025-01-08,,Open,Fire,Overheated machinery ignited nearby materials,MI,826658,194901,1021559,146417,37410,1021559,Fire,False,,True
CLM-000113,POL-01449,PL-01449,Eastwood Retail Holdings,2022-04-12,2022-04-20,2022-11-13,Closed,Equipment Breakdown,Generator failure during power outage,WA,120221,0,120221,32481,4073,120221,Equipment Breakdown,False,,False
CLM-000114,POL-01699,PL-01699,Fitzwilliam Office Trust,2021-10-15,2021-10-17,2022-10-08,Closed,Wind/Hurricane,Tropical storm caused debris impact damage,TX,1512101,0,1512101,25000,29962,1512101,Wind/Hurricane,True,,True
CLM-000115,POL-01481,PL-01481,Metro Commercial Partners,2023-02-04,2023-02-05,,Open,Equipment Breakdown,Boiler malfunction,NY,379303,112612,491915,202396,18202,491915,Equipment Breakdown,False,,True
CLM-000116,POL-01322,PL-01322,Uptown Retail Partners,2024-07-23,2024-07-25,2024-09-29,Closed,Equipment Breakdown,Compressor failure in HVAC system,AZ,236643,0,236643,25000,9236,236643,Equipment Breakdown,False,,False
CLM-000117,POL-01527,PL-01527,Kensington Real Estate Trust,2024-03-21,2024-03-29,2025-02-26,Closed,Fire,Cooking fire spread to adjacent area,CA,573230,0,573230,64712,2094,573230,Fire,False,,True
CLM-000118,POL-01669,PL-01669,Brunswick Industrial Corp,2025-12-09,2025-12-21,2026-03-26,Closed,Water Damage,HVAC condensation leak,CT,121902,0,121902,186397,1107,121902,Water Damage,False,,False
CLM-000119,POL-01568,PL-01568,Coastal Hospitality Group,2025-08-07,2025-08-14,2025-09-16,Closed,Wind/Hurricane,Tropical storm caused debris impact damage,TN,1342079,0,1342079,47347,19716,1342079,Wind/Hurricane,True,,True
CLM-000120,POL-01617,PL-01617,Canterbury Hotels PLC,2023-05-25,2023-05-28,2023-11-03,Closed,Equipment Breakdown,Elevator motor failure,SC,37926,0,37926,326079,1279,37926,Equipment Breakdown,False,,False
CLM-000121,POL-01322,PL-01322,Uptown Retail Partners,2025-08-10,2025-08-20,2026-03-09,Closed,Water Damage,Roof leak during heavy rain,AZ,253764,0,253764,25000,9807,253764,Water Damage,False,,True
CLM-000122,POL-01212,PL-01212,Uptown Retail Partners,2025-09-26,2025-09-27,2025-12-30,Closed,Wind/Hurricane,High winds damaged signage and awnings,VA,386008,0,386008,65828,18425,386008,Wind/Hurricane,True,,True
CLM-000123,POL-01322,PL-01322,Uptown Retail Partners,2022-02-18,2022-02-23,2022-06-11,Closed,Flood,Storm surge caused basement flooding,AZ,1399851,0,1399851,25000,16306,1399851,Flood,True,,True
CLM-000124,POL-01220,PL-01220,Exeter Healthcare Properties,2023-06-20,2023-06-22,2024-01-28,Closed,Equipment Breakdown,Compressor failure in HVAC system,TX,41464,0,41464,189655,1798,41464,Equipment Breakdown,False,,False
CLM-000125,POL-01727,PL-01727,Eastwood Retail Holdings,2022-02-11,2022-02-15,2022-09-23,Closed,Wind/Hurricane,High winds damaged signage and awnings,WA,270240,0,270240,320068,1254,270240,Wind/Hurricane,True,,True
CLM-000126,POL-01170,PL-01170,Riverside Agricultural Coop,2021-11-30,2021-12-13,2022-04-16,Closed,Water Damage,Pipe burst caused interior flooding,NC,227406,0,227406,27167,8421,227406,Water Damage,False,,False
CLM-000127,POL-01361,PL-01361,Keystone Office Holdings,2021-07-05,2021-07-18,2022-04-20,Closed,Equipment Breakdown,Generator failure during power outage,VA,163089,0,163089,48933,2081,163089,Equipment Breakdown,False,,False
CLM-000128,POL-01111,PL-01111,Xenon Technology Inc,2023-05-11,2023-05-18,2023-07-31,Closed,Lightning,Lightning caused transformer failure,CA,24520,0,24520,46634,1159,24520,Lightning,False,,False
CLM-000129,POL-01066,PL-01066,Quantum Data Systems LLC,2024-12-07,2024-12-09,2025-12-05,Closed,Water Damage,Sprinkler malfunction caused water damage,TN,321732,0,321732,29324,254,321732,Water Damage,False,,True
CLM-000130,POL-01275,PL-01275,Falcon Energy Partners,2021-12-30,2022-01-09,,Open,Theft/Vandalism,"Forced entry, electronics stolen",MN,203439,51719,255158,488165,5275,255158,Theft/Vandalism,False,,True
CLM-000131,POL-01141,PL-01141,Beacon Light Industries,2025-11-10,2025-11-22,,Open,Theft/Vandalism,Copper wire theft from HVAC units,TN,175080,42144,217224,139074,3253,217224,Theft/Vandalism,False,,False
CLM-000132,POL-01422,PL-01422,Uptown Retail Partners,2023-11-29,2023-12-02,2024-03-30,Closed,Equipment Breakdown,Generator failure during power outage,VA,206080,0,206080,29273,8104,206080,Equipment Breakdown,False,,False
CLM-000133,POL-01025,PL-01025,Frontier Agricultural Services,2025-09-20,2025-09-25,2026-09-03,Closed,Water Damage,HVAC condensation leak,CA,132122,0,132122,78714,5174,132122,Water Damage,False,,False
CLM-000134,POL-01333,PL-01333,Trafalgar Real Estate,2021-10-23,2021-10-30,2021-12-15,Closed,Fire,Welding sparks caused small fire,VA,531092,0,531092,37263,15893,531092,Fire,False,,True
CLM-000135,POL-01520,PL-01520,Stonebridge Real Estate,2022-04-02,2022-04-04,2022-12-02,Closed,Fire,Electrical fire in utility room,FL,168112,0,168112,33622,8142,168112,Fire,False,,False
CLM-000136,POL-01462,PL-01462,Atlas Commercial Properties,2021-10-03,2021-10-17,2022-09-06,Closed,Smoke Damage,Smoke damage from neighbouring property fire,WI,207775,0,207775,330054,4947,207775,Smoke Damage,False,,False
CLM-000137,POL-01257,PL-01257,Liberty Food Services Inc,2024-06-10,2024-06-21,2024-08-28,Closed,Fire,Welding sparks caused small fire,TN,713246,0,713246,25000,26701,713246,Fire,False,,True
CLM-000138,POL-01566,PL-01566,Norfolk Agricultural Holdings,2022-04-07,2022-04-18,,Open,Fire,Electrical fire in utility room,OR,284924,80544,365468,208831,1350,365468,Fire,False,,True
CLM-000139,POL-01412,PL-01412,Omega Tech Campus LLC,2022-05-29,2022-06-01,2022-11-29,Closed,Wind/Hurricane,Tropical storm caused debris impact damage,IN,1537632,0,1537632,38433,74879,1537632,Wind/Hurricane,True,,True
CLM-000140,POL-01657,PL-01657,Oxford Science Properties,2022-07-01,2022-07-14,2022-10-06,Closed,Hail,Hail damage to vehicles in parking structure,NY,329466,0,329466,25000,6173,329466,Hail,False,,True
CLM-000141,POL-01146,PL-01146,Devonshire Properties Ltd,2023-02-28,2023-03-11,,Open,Hail,Severe hailstorm damaged roofing and skylights,CA,563389,153131,716520,25000,5574,716520,Hail,False,,True
CLM-000142,POL-01186,PL-01186,Lakewood Healthcare Systems,2022-05-03,2022-05-06,2022-12-22,Closed,Fire,Overheated machinery ignited nearby materials,CA,691938,0,691938,25000,19792,691938,Fire,False,,True
CLM-000143,POL-01479,PL-01479,Coastal Hospitality Group,2024-03-28,2024-04-04,2024-12-14,Closed,Flood,Flash flooding entered ground floor,MA,362847,0,362847,225634,11272,362847,Flood,True,,True
CLM-000144,POL-01540,PL-01540,Junction City Warehousing,2023-11-20,2023-11-26,2024-06-09,Closed,Water Damage,Roof leak during heavy rain,NY,285736,0,285736,32907,4871,285736,Water Damage,False,,True
CLM-000145,POL-01481,PL-01481,Metro Commercial Partners,2025-04-13,2025-04-22,,Open,Equipment Breakdown,Generator failure during power outage,NY,221652,56934,278586,202396,8666,278586,Equipment Breakdown,False,,True
CLM-000146,POL-01434,PL-01434,Oxford Science Properties,2023-07-26,2023-08-09,,Open,Hail,Severe hailstorm damaged roofing and skylights,NJ,580261,39537,619798,161316,15970,619798,Hail,False,,True
CLM-000147,POL-01297,PL-01297,Brunswick Industrial Corp,2024-02-08,2024-02-10,2024-11-22,Closed,Fire,Cooking fire spread to adjacent area,IL,410671,0,410671,97607,16838,410671,Fire,False,,True
CLM-000148,POL-01510,PL-01510,Riverside Agricultural Coop,2021-02-04,2021-02-08,2021-09-03,Closed,Fire,Cooking fire spread to adjacent area,GA,893212,0,893212,115945,38404,893212,Fire,False,,True
CLM-000149,POL-01520,PL-01520,Stonebridge Real Estate,2024-11-21,2024-11-30,2025-03-16,Closed,Fire,Overheated machinery ignited nearby materials,FL,592493,0,592493,33622,2966,592493,Fire,False,,True
CLM-000150,POL-01164,PL-01164,Platinum Automotive Corp,2025-03-19,2025-03-31,2025-07-04,Closed,Hail,Hail cracked exterior cladding,WA,521006,0,521006,229196,11045,521006,Hail,False,,True
CLM-000151,POL-01210,PL-01210,Norfolk Agricultural Holdings,2022-08-31,2022-09-07,2023-06-24,Closed,Wind/Hurricane,Tropical storm caused debris impact damage,MO,2308287,0,2308287,39385,54014,2308287,Wind/Hurricane,True,,True
CLM-000152,POL-01137,PL-01137,Ridgeway Office Parks,2024-09-30,2024-10-05,,Open,Theft/Vandalism,"Forced entry, electronics stolen",AZ,77998,16574,94572,25000,2391,94572,Theft/Vandalism,False,,False
CLM-000153,POL-01071,PL-01071,Mayfair Hospitality Ltd,2025-04-15,2025-04-28,,Open,Fire,Cooking fire spread to adjacent area,MA,472168,116499,588667,114655,18563,588667,Fire,False,,True
CLM-000154,POL-01632,PL-01632,Brunswick Industrial Corp,2022-12-19,2022-12-21,2023-05-13,Closed,Water Damage,HVAC condensation leak,LA,231995,0,231995,25000,10354,231995,Water Damage,False,,False
CLM-000155,POL-01124,PL-01124,Eclipse Energy Holdings,2022-02-26,2022-03-06,2022-06-08,Closed,Theft/Vandalism,Copper wire theft from HVAC units,TX,138045,0,138045,25000,5249,138045,Theft/Vandalism,False,,False
CLM-000156,POL-01007,PL-01007,Midwest Agricultural Coop,2025-04-30,2025-05-11,2026-04-01,Closed,Hail,Hail damage to vehicles in parking structure,MN,331547,0,331547,35000,10948,331547,Hail,False,,True
CLM-000157,POL-01298,PL-01298,Timber Creek Manufacturing,2021-11-11,2021-11-13,2022-06-03,Closed,Equipment Breakdown,Generator failure during power outage,MN,257328,0,257328,26864,4908,257328,Equipment Breakdown,False,,True
CLM-000158,POL-01255,PL-01255,Omega Tech Campus LLC,2025-11-30,2025-12-12,2026-09-05,Closed,Fire,Overheated machinery ignited nearby materials,MO,527195,0,527195,157648,13781,527195,Fire,False,,True
CLM-000159,POL-01088,PL-01088,Kensington Real Estate Trust,2023-01-13,2023-01-17,2023-10-23,Closed,Smoke Damage,Internal smoke damage from electrical short,MO,151142,0,151142,25000,428,151142,Smoke Damage,False,,False
CLM-000160,POL-01107,PL-01107,Portland Warehousing Inc,2022-07-19,2022-07-24,2023-07-11,Closed,Flood,Storm surge caused basement flooding,TX,492284,0,492284,101720,16417,492284,Flood,True,,True
CLM-000161,POL-01251,PL-01251,Liberty Food Services Inc,2022-05-13,2022-05-23,,Open,Smoke Damage,Internal smoke damage from electrical short,NY,34612,8369,42981,25000,1022,42981,Smoke Damage,False,,False
CLM-000162,POL-01655,PL-01655,Jasper Distribution LLC,2023-09-27,2023-10-06,2024-09-01,Closed,Wind/Hurricane,High winds damaged signage and awnings,OR,2393957,0,2393957,54048,72612,2393957,Wind/Hurricane,True,,True
CLM-000163,POL-01656,PL-01656,Zephyr Logistics Holdings,2025-06-14,2025-06-25,2025-09-02,Closed,Water Damage,Pipe burst caused interior flooding,PA,235581,0,235581,25000,11387,235581,Water Damage,False,,False
CLM-000164,POL-01242,PL-01242,Oxford Science Properties,2023-05-14,2023-05-28,2023-12-31,Closed,Water Damage,Pipe burst caused interior flooding,FL,260413,0,260413,25000,8425,260413,Water Damage,False,,True
CLM-000165,POL-01444,PL-01444,Ironclad Manufacturing LLC,2023-03-28,2023-04-11,2024-03-13,Closed,Flood,Storm surge caused basement flooding,MO,902682,0,902682,29905,40985,902682,Flood,True,,True
CLM-000166,POL-01219,PL-01219,Zephyr Logistics Holdings,2021-07-22,2021-07-27,2022-03-20,Closed,Hail,Severe hailstorm damaged roofing and skylights,OH,53520,0,53520,38509,1221,53520,Hail,False,,False
CLM-000167,POL-01252,PL-01252,Albion Commercial Group,2022-05-25,2022-05-30,2023-02-07,Closed,Water Damage,Pipe burst caused interior flooding,NJ,264054,0,264054,25000,6049,264054,Water Damage,False,,True
CLM-000168,POL-01626,PL-01626,Albion Commercial Group,2025-04-28,2025-05-12,2026-03-04,Closed,Wind/Hurricane,High winds damaged signage and awnings,WA,1937755,0,1937755,221372,71765,1937755,Wind/Hurricane,True,,True
CLM-000169,POL-01736,PL-01736,Exeter Healthcare Properties,2025-10-21,2025-10-23,2026-05-09,Closed,Wind/Hurricane,Tropical storm caused debris impact damage,MI,1986651,0,1986651,190280,53464,1986651,Wind/Hurricane,True,,True
CLM-000170,POL-01229,PL-01229,Ironclad Manufacturing LLC,2021-07-05,2021-07-16,2022-02-27,Closed,Wind/Hurricane,Tropical storm caused debris impact damage,OR,845070,0,845070,87858,21008,845070,Wind/Hurricane,True,,True
CLM-000171,POL-01189,PL-01189,Essex Food Manufacturing,2023-09-22,2023-09-28,2024-04-11,Closed,Equipment Breakdown,Boiler malfunction,SC,114902,0,114902,27206,4336,114902,Equipment Breakdown,False,,False
CLM-000172,POL-01166,PL-01166,Riverside Agricultural Coop,2023-11-03,2023-11-15,2024-10-26,Closed,Wind/Hurricane,High winds damaged signage and awnings,NJ,409716,0,409716,38322,15503,409716,Wind/Hurricane,True,,True
CLM-000173,POL-01533,PL-01533,Zephyr Logistics Holdings,2024-12-28,2025-01-07,,Open,Fire,Welding sparks caused small fire,LA,676101,18936,695037,134217,4927,695037,Fire,False,,True
CLM-000174,POL-01343,PL-01343,Albion Commercial Group,2021-08-01,2021-08-15,2022-01-28,Closed,Water Damage,Pipe burst caused interior flooding,OR,163864,0,163864,74972,8188,163864,Water Damage,False,,False
CLM-000175,POL-01445,PL-01445,Eastwood Retail Holdings,2022-07-15,2022-07-16,2023-04-24,Closed,Equipment Breakdown,Elevator motor failure,FL,133279,0,133279,25000,6552,133279,Equipment Breakdown,False,,False
CLM-000176,POL-01246,PL-01246,Quantum Data Systems LLC,2021-10-25,2021-10-26,2022-04-24,Closed,Flood,Flash flooding entered ground floor,TN,716498,0,716498,25000,30720,716498,Flood,True,,True
CLM-000177,POL-01479,PL-01479,Coastal Hospitality Group,2024-03-09,2024-03-13,2024-11-05,Closed,Flood,Flash flooding entered ground floor,MA,680336,0,680336,225634,19760,680336,Flood,True,,True
CLM-000178,POL-01619,PL-01619,Devonshire Properties Ltd,2022-06-20,2022-07-02,2023-01-22,Closed,Hail,Hail damage to vehicles in parking structure,CT,545311,0,545311,38947,10094,545311,Hail,False,,True
CLM-000179,POL-01235,PL-01235,Timber Creek Manufacturing,2021-10-03,2021-10-09,2022-03-08,Closed,Wind/Hurricane,High winds damaged signage and awnings,MI,959846,0,959846,249736,6179,959846,Wind/Hurricane,True,,True
CLM-000180,POL-01501,PL-01501,Essex Food Manufacturing,2022-04-12,2022-04-24,,Open,Theft/Vandalism,Vandalism to exterior and lobby,TN,127425,31587,159012,181990,4473,159012,Theft/Vandalism,False,,False
CLM-000181,POL-01547,PL-01547,Windmill Manufacturing Co,2025-09-10,2025-09-11,2026-06-02,Closed,Equipment Breakdown,Boiler malfunction,WA,124064,0,124064,25000,3666,124064,Equipment Breakdown,False,,False
CLM-000182,POL-01066,PL-01066,Quantum Data Systems LLC,2024-02-19,2024-03-01,2024-04-18,Closed,Lightning,Lightning caused transformer failure,TN,67975,0,67975,29324,2948,67975,Lightning,False,,False
CLM-000183,POL-01147,PL-01147,Highland Hospitality Group,2022-07-20,2022-07-30,2022-12-26,Closed,Fire,Electrical fire in utility room,CT,417324,0,417324,154222,12472,417324,Fire,False,,True
CLM-000184,POL-01438,PL-01438,Kensington Real Estate Trust,2022-03-17,2022-03-28,2022-12-03,Closed,Theft/Vandalism,Vandalism to exterior and lobby,OH,212977,0,212977,25000,7424,212977,Theft/Vandalism,False,,False
CLM-000185,POL-01303,PL-01303,Lancaster Manufacturing PLC,2023-04-14,2023-04-17,2024-02-14,Closed,Wind/Hurricane,High winds damaged signage and awnings,WA,1436480,0,1436480,142303,22585,1436480,Wind/Hurricane,True,,True
CLM-000186,POL-01004,PL-01004,Western Distribution,2024-04-18,2024-04-20,2024-06-23,Closed,Smoke Damage,Smoke damage from neighbouring property fire,CO,27865,0,27865,65000,576,27865,Smoke Damage,False,,False
CLM-000187,POL-01160,PL-01160,Silverstone Automotive Group,2025-04-04,2025-04-07,2025-08-04,Closed,Equipment Breakdown,Compressor failure in HVAC system,MI,134495,0,134495,42143,6246,134495,Equipment Breakdown,False,,False
CLM-000188,POL-01715,PL-01715,Warwick Automotive Parts,2024-03-21,2024-04-02,2024-11-04,Closed,Fire,Welding sparks caused small fire,MN,157323,0,157323,99302,5478,157323,Fire,False,,False
CLM-000189,POL-01139,PL-01139,Hampshire Tech Parks Ltd,2021-12-30,2022-01-11,2022-09-06,Closed,Flood,Storm surge caused basement flooding,CT,356185,0,356185,57573,1615,356185,Flood,True,,True
CLM-000190,POL-01261,PL-01261,Sheffield Steel Processing,2024-07-20,2024-07-22,2025-02-08,Closed,Water Damage,Sprinkler malfunction caused water damage,IN,104324,0,104324,78089,490,104324,Water Damage,False,,False
CLM-000191,POL-01257,PL-01257,Liberty Food Services Inc,2021-05-02,2021-05-13,2021-12-09,Closed,Fire,Electrical fire in utility room,TN,664036,0,664036,25000,57,664036,Fire,False,,True
CLM-000192,POL-01524,PL-01524,Mayfair Hospitality Ltd,2025-06-27,2025-07-07,2026-05-11,Closed,Fire,Overheated machinery ignited nearby materials,WA,390322,0,390322,109384,18651,390322,Fire,False,,True
CLM-000193,POL-01194,PL-01194,Bayside Properties LLC,2022-12-09,2022-12-11,2023-03-28,Closed,Hail,Hail cracked exterior cladding,WI,318992,0,318992,150377,9154,318992,Hail,False,,True
CLM-000194,POL-01444,PL-01444,Ironclad Manufacturing LLC,2021-11-01,2021-11-15,2022-07-16,Closed,Theft/Vandalism,"Forced entry, electronics stolen",MO,199731,0,199731,29905,387,199731,Theft/Vandalism,False,,False
CLM-000195,POL-01533,PL-01533,Zephyr Logistics Holdings,2022-08-20,2022-08-22,,Open,Earthquake,Foundation damage from earthquake,LA,2422212,678883,3101095,134217,21850,3101095,Earthquake,True,,True
CLM-000196,POL-01515,PL-01515,Grosvenor Retail Holdings,2021-11-14,2021-11-24,2022-06-04,Closed,Fire,Welding sparks caused small fire,TX,167727,0,167727,25000,4595,167727,Fire,False,,False
CLM-000197,POL-01398,PL-01398,Zenith Food Processing Corp,2021-05-15,2021-05-21,2021-10-18,Closed,Equipment Breakdown,Generator failure during power outage,MI,426484,0,426484,68914,5106,426484,Equipment Breakdown,False,,True
CLM-000198,POL-01484,PL-01484,Meridian Healthcare Properties,2023-09-11,2023-09-24,2024-08-08,Closed,Fire,Electrical fire in utility room,WI,466198,0,466198,143013,2120,466198,Fire,False,,True
CLM-000199,POL-01640,PL-01640,Inverness Energy Group,2023-12-26,2024-01-04,2024-08-13,Closed,Wind/Hurricane,High winds damaged signage and awnings,IN,1341235,0,1341235,52984,13474,1341235,Wind/Hurricane,True,,True
CLM-000200,POL-01317,PL-01317,Timber Creek Manufacturing,2024-07-06,2024-07-13,2025-02-27,Closed,Fire,Welding sparks caused small fire,MA,818252,0,818252,116040,3370,818252,Fire,False,,True
CLM-000201,POL-01020,PL-01020,Riverside Agricultural Coop,2023-03-08,2023-03-13,2023-12-17,Closed,Water Damage,HVAC condensation leak,LA,137530,0,137530,111230,4703,137530,Water Damage,False,,False
CLM-000202,POL-01045,PL-01045,Falcon Energy Partners,2022-09-21,2022-10-01,2023-08-09,Closed,Water Damage,Roof leak during heavy rain,MO,39571,0,39571,25000,620,39571,Water Damage,False,,False
CLM-000203,POL-01036,PL-01036,Brunswick Industrial Corp,2022-01-21,2022-01-27,2022-11-22,Closed,Water Damage,Pipe burst caused interior flooding,PA,41522,0,41522,41027,1813,41522,Water Damage,False,,False
CLM-000204,POL-01727,PL-01727,Eastwood Retail Holdings,2024-10-26,2024-11-07,2024-12-17,Closed,Water Damage,Roof leak during heavy rain,WA,322227,0,322227,320068,7366,322227,Water Damage,False,,True
CLM-000205,POL-01189,PL-01189,Essex Food Manufacturing,2022-02-28,2022-03-10,,Open,Earthquake,Structural cracking from seismic event,SC,2194749,134060,2328809,27206,101187,2328809,Earthquake,True,,True
CLM-000206,POL-01212,PL-01212,Uptown Retail Partners,2022-05-08,2022-05-19,2022-11-23,Closed,Collapse,Roof section collapsed under snow load,VA,210290,0,210290,65828,8690,210290,Collapse,False,,False
CLM-000207,POL-01377,PL-01377,Harbor Point Industries,2024-05-11,2024-05-15,2025-04-24,Closed,Collapse,Partial wall collapse,WI,530193,0,530193,325828,18037,530193,Collapse,False,,True
CLM-000208,POL-01702,PL-01702,Pioneer Cold Storage Inc,2025-12-05,2025-12-16,2026-05-23,Closed,Flood,Storm surge caused basement flooding,PA,976666,0,976666,62015,499,976666,Flood,True,,True
CLM-000209,POL-01419,PL-01419,Norfolk Agricultural Holdings,2025-05-15,2025-05-23,2025-10-21,Closed,Water Damage,Pipe burst caused interior flooding,NC,319921,0,319921,93729,11077,319921,Water Damage,False,,True
CLM-000210,POL-01032,PL-01032,Inverness Energy Group,2022-04-02,2022-04-04,2023-03-24,Closed,Theft/Vandalism,"Forced entry, electronics stolen",FL,109316,0,109316,146222,868,109316,Theft/Vandalism,False,,False
CLM-000211,POL-01483,PL-01483,Sheffield Steel Processing,2025-02-24,2025-03-01,2025-10-15,Closed,Fire,Overheated machinery ignited nearby materials,WA,596200,0,596200,88007,8538,596200,Fire,False,,True
CLM-000212,POL-01563,PL-01563,Falcon Energy Partners,2025-12-19,2025-12-23,2026-03-03,Closed,Wind/Hurricane,High winds damaged signage and awnings,MN,1864616,0,1864616,47039,18719,1864616,Wind/Hurricane,True,,True
CLM-000213,POL-01515,PL-01515,Grosvenor Retail Holdings,2025-09-03,2025-09-10,,Open,Smoke Damage,Smoke damage from neighbouring property fire,TX,121046,8302,129348,25000,4615,129348,Smoke Damage,False,,False
CLM-000214,POL-01071,PL-01071,Mayfair Hospitality Ltd,2021-10-20,2021-10-28,2022-09-20,Closed,Wind/Hurricane,Hurricane wind damage to roofing and exterior,MA,1538318,0,1538318,114655,71809,1538318,Wind/Hurricane,True,,True
CLM-000215,POL-01194,PL-01194,Bayside Properties LLC,2021-11-09,2021-11-15,,Open,Equipment Breakdown,Generator failure during power outage,WI,334462,1425,335887,150377,5855,335887,Equipment Breakdown,False,,True
CLM-000216,POL-01209,PL-01209,Zephyr Logistics Holdings,2022-08-21,2022-08-30,2022-10-22,Closed,Collapse,Roof section collapsed under snow load,MI,143199,0,143199,76902,4490,143199,Collapse,False,,False
CLM-000217,POL-01337,PL-01337,Riverside Agricultural Coop,2021-05-23,2021-06-06,2021-10-25,Closed,Theft/Vandalism,Copper wire theft from HVAC units,SC,107163,0,107163,31154,1542,107163,Theft/Vandalism,False,,False
CLM-000218,POL-01160,PL-01160,Silverstone Automotive Group,2023-04-20,2023-04-29,,Open,Fire,Electrical fire in utility room,MI,1014893,208488,1223381,42143,36560,1223381,Fire,False,,True
CLM-000219,POL-01711,PL-01711,Grosvenor Retail Holdings,2022-04-24,2022-04-25,,Open,Lightning,Lightning caused transformer failure,AL,123704,3851,127555,44184,3480,127555,Lightning,False,,False
CLM-000220,POL-01397,PL-01397,Norfolk Agricultural Holdings,2024-07-10,2024-07-11,2025-05-24,Closed,Equipment Breakdown,Compressor failure in HVAC system,CT,80249,0,80249,64297,2603,80249,Equipment Breakdown,False,,False
CLM-000221,POL-01472,PL-01472,Albion Commercial Group,2024-06-15,2024-06-22,2025-03-02,Closed,Lightning,Lightning strike damaged electrical systems,FL,200541,0,200541,30541,4918,200541,Lightning,False,,False
CLM-000222,POL-01251,PL-01251,Liberty Food Services Inc,2021-11-10,2021-11-18,2022-09-10,Closed,Wind/Hurricane,Tropical storm caused debris impact damage,NY,2373069,0,2373069,25000,17134,2373069,Wind/Hurricane,True,,True
CLM-000223,POL-01627,PL-01627,Excalibur Property Trust,2022-06-11,2022-06-14,2023-01-15,Closed,Equipment Breakdown,Compressor failure in HVAC system,OH,434476,0,434476,29626,17497,434476,Equipment Breakdown,False,,True
CLM-000224,POL-01144,PL-01144,Xenon Technology Inc,2025-10-11,2025-10-15,2026-06-03,Closed,Fire,Cooking fire spread to adjacent area,TN,472164,0,472164,153542,8332,472164,Fire,False,,True
CLM-000225,POL-01415,PL-01415,Lakewood Healthcare Systems,2023-06-29,2023-07-06,2024-03-22,Closed,Water Damage,HVAC condensation leak,NJ,171203,0,171203,133785,2790,171203,Water Damage,False,,False
CLM-000226,POL-01409,PL-01409,Devonshire Properties Ltd,2024-12-30,2025-01-03,2025-11-16,Closed,Fire,Cooking fire spread to adjacent area,CA,589338,0,589338,25000,19428,589338,Fire,False,,True
CLM-000227,POL-01613,PL-01613,Devonshire Properties Ltd,2025-06-11,2025-06-18,2026-01-18,Closed,Water Damage,HVAC condensation leak,GA,187181,0,187181,91316,3676,187181,Water Damage,False,,False
CLM-000228,POL-01465,PL-01465,Jasper Distribution LLC,2025-09-02,2025-09-15,2026-08-17,Closed,Fire,Welding sparks caused small fire,WA,709192,0,709192,53355,7070,709192,Fire,False,,True
CLM-000229,POL-01338,PL-01338,Silverstone Automotive Group,2023-11-26,2023-12-03,2024-03-27,Closed,Hail,Hail damage to vehicles in parking structure,IN,127762,0,127762,136514,4433,127762,Hail,False,,False
CLM-000230,POL-01395,PL-01395,Trafalgar Real Estate,2024-10-25,2024-11-04,2025-02-11,Closed,Hail,Hail cracked exterior cladding,IN,136510,0,136510,59293,3925,136510,Hail,False,,False
CLM-000231,POL-01207,PL-01207,Trafalgar Real Estate,2025-02-21,2025-02-24,2025-11-27,Closed,Fire,Overheated machinery ignited nearby materials,AZ,380160,0,380160,129908,17734,380160,Fire,False,,True
CLM-000232,POL-01601,PL-01601,Windmill Manufacturing Co,2021-05-14,2021-05-16,,Open,Water Damage,Pipe burst caused interior flooding,WA,244829,7129,251958,29287,11264,251958,Water Damage,False,,True
CLM-000233,POL-01044,PL-01044,Beacon Light Industries,2023-01-01,2023-01-05,2023-04-18,Closed,Wind/Hurricane,Hurricane wind damage to roofing and exterior,WA,361481,0,361481,59995,15194,361481,Wind/Hurricane,True,,True
CLM-000234,POL-01365,PL-01365,Canterbury Hotels PLC,2023-07-04,2023-07-12,2024-01-23,Closed,Hail,Hail cracked exterior cladding,OH,216680,0,216680,109264,3139,216680,Hail,False,,False
CLM-000235,POL-01105,PL-01105,Olympia Agricultural Co,2021-12-01,2021-12-08,2022-03-01,Closed,Equipment Breakdown,Boiler malfunction,TX,97121,0,97121,34877,2727,97121,Equipment Breakdown,False,,False
CLM-000236,POL-01619,PL-01619,Devonshire Properties Ltd,2022-05-26,2022-05-28,2022-09-08,Closed,Water Damage,Sprinkler malfunction caused water damage,CT,369156,0,369156,38947,13948,369156,Water Damage,False,,True
CLM-000237,POL-01137,PL-01137,Ridgeway Office Parks,2025-04-21,2025-04-22,2026-03-17,Closed,Earthquake,Foundation damage from earthquake,AZ,1523876,0,1523876,25000,44565,1523876,Earthquake,True,,True
CLM-000238,POL-01186,PL-01186,Lakewood Healthcare Systems,2024-10-07,2024-10-17,2025-05-01,Closed,Water Damage,HVAC condensation leak,CA,31949,0,31949,25000,1416,31949,Water Damage,False,,False
CLM-000239,POL-01072,PL-01072,Keystone Office Holdings,2021-11-03,2021-11-05,2022-03-13,Closed,Fire,Overheated machinery ignited nearby materials,SC,681550,0,681550,36737,24243,681550,Fire,False,,True
CLM-000240,POL-01084,PL-01084,Metro Commercial Partners,2024-06-27,2024-07-07,2025-02-25,Closed,Water Damage,Roof leak during heavy rain,NC,369249,0,369249,45912,15716,369249,Water Damage,False,,True
CLM-000241,POL-01201,PL-01201,Quantum Data Systems LLC,2021-02-18,2021-02-26,2021-08-30,Closed,Water Damage,Roof leak during heavy rain,AZ,368712,0,368712,83495,11972,368712,Water Damage,False,,True
CLM-000242,POL-01695,PL-01695,Grosvenor Retail Holdings,2021-03-24,2021-03-29,2021-12-13,Closed,Wind/Hurricane,High winds damaged signage and awnings,CA,1165605,0,1165605,26216,19402,1165605,Wind/Hurricane,True,,True
CLM-000243,POL-01027,PL-01027,Frontier Agricultural Services,2025-02-13,2025-02-23,2025-03-24,Closed,Fire,Overheated machinery ignited nearby materials,IN,1028683,0,1028683,207078,10268,1028683,Fire,False,,True
CLM-000244,POL-01465,PL-01465,Jasper Distribution LLC,2024-11-28,2024-12-05,2025-06-17,Closed,Water Damage,HVAC condensation leak,WA,37594,0,37594,53355,963,37594,Water Damage,False,,False
CLM-000245,POL-01433,PL-01433,Imperial Tech Solutions,2025-01-12,2025-01-17,2025-11-20,Closed,Water Damage,Roof leak during heavy rain,MO,144745,0,144745,162741,2038,144745,Water Damage,False,,False
CLM-000246,POL-01084,PL-01084,Metro Commercial Partners,2022-10-15,2022-10-29,,Open,Collapse,Roof section collapsed under snow load,NC,1109029,221658,1330687,45912,44957,1330687,Collapse,False,,True
CLM-000247,POL-01748,PL-01748,Grosvenor Retail Holdings,2021-11-12,2021-11-22,2022-04-12,Closed,Fire,Electrical fire in utility room,WI,142926,0,142926,145146,68,142926,Fire,False,,False
CLM-000248,POL-01008,PL-01008,Atlantic Seafood Processing,2021-05-25,2021-05-28,2022-04-18,Closed,Equipment Breakdown,Boiler malfunction,MA,173276,0,173276,50000,7566,173276,Equipment Breakdown,False,,False
CLM-000249,POL-01655,PL-01655,Jasper Distribution LLC,2022-02-13,2022-02-25,2022-04-25,Closed,Fire,Cooking fire spread to adjacent area,OR,189538,0,189538,54048,6806,189538,Fire,False,,False
CLM-000250,POL-01090,PL-01090,Apex Manufacturing Corp,2021-04-13,2021-04-25,2021-06-22,Closed,Fire,Welding sparks caused small fire,WA,845760,0,845760,134448,26449,845760,Fire,False,,True
CLM-000251,POL-01201,PL-01201,Quantum Data Systems LLC,2024-05-24,2024-06-05,2024-09-26,Closed,Water Damage,Sprinkler malfunction caused water damage,AZ,94054,0,94054,83495,3440,94054,Water Damage,False,,False
CLM-000252,POL-01580,PL-01580,Falcon Energy Partners,2021-01-13,2021-01-15,2021-05-13,Closed,Flood,Flash flooding entered ground floor,VA,185772,0,185772,138547,1336,185772,Flood,True,,False
CLM-000253,POL-01537,PL-01537,Falcon Energy Partners,2022-01-21,2022-01-24,,Open,Hail,Hail damage to vehicles in parking structure,IN,146033,33368,179401,59657,7243,179401,Hail,False,,False
CLM-000254,POL-01163,PL-01163,Newport Industrial Corp,2023-04-25,2023-05-04,2024-04-16,Closed,Water Damage,HVAC condensation leak,MA,317614,0,317614,199816,6773,317614,Water Damage,False,,True
CLM-000255,POL-01346,PL-01346,Zephyr Logistics Holdings,2024-10-31,2024-11-05,2025-04-23,Closed,Equipment Breakdown,Elevator motor failure,IN,252831,0,252831,38415,778,252831,Equipment Breakdown,False,,True
CLM-000256,POL-01485,PL-01485,Brunswick Industrial Corp,2025-08-02,2025-08-09,2025-10-11,Closed,Wind/Hurricane,High winds damaged signage and awnings,IN,1801727,0,1801727,37035,80955,1801727,Wind/Hurricane,True,,True
CLM-000257,POL-01449,PL-01449,Eastwood Retail Holdings,2023-01-11,2023-01-23,,Open,Fire,Electrical fire in utility room,WA,799383,141044,940427,32481,10489,940427,Fire,False,,True
CLM-000258,POL-01316,PL-01316,Norfolk Agricultural Holdings,2023-10-21,2023-10-26,2024-07-27,Closed,Water Damage,HVAC condensation leak,AL,284767,0,284767,117097,14225,284767,Water Damage,False,,True
CLM-000259,POL-01196,PL-01196,Zephyr Logistics Holdings,2023-04-20,2023-04-28,2024-01-11,Closed,Wind/Hurricane,Tropical storm caused debris impact damage,AZ,542038,0,542038,468445,22941,542038,Wind/Hurricane,True,,True
CLM-000260,POL-01412,PL-01412,Omega Tech Campus LLC,2021-10-18,2021-10-30,2022-06-02,Closed,Water Damage,Sprinkler malfunction caused water damage,IN,339681,0,339681,38433,14833,339681,Water Damage,False,,True
CLM-000261,POL-01314,PL-01314,Albion Commercial Group,2023-06-09,2023-06-22,,Open,Water Damage,Roof leak during heavy rain,AZ,329587,36159,365746,149985,9771,365746,Water Damage,False,,True
CLM-000262,POL-01187,PL-01187,Mayfair Hospitality Ltd,2022-07-09,2022-07-15,2022-11-17,Closed,Wind/Hurricane,Hurricane wind damage to roofing and exterior,CT,196712,0,196712,249028,3857,196712,Wind/Hurricane,True,,False
CLM-000263,POL-01303,PL-01303,Lancaster Manufacturing PLC,2022-01-25,2022-02-02,2022-12-31,Closed,Equipment Breakdown,Boiler malfunction,WA,388602,0,388602,142303,8454,388602,Equipment Breakdown,False,,True
CLM-000264,POL-01159,PL-01159,Metro Commercial Partners,2021-08-06,2021-08-08,2022-02-17,Closed,Water Damage,Sprinkler malfunction caused water damage,AL,258026,0,258026,336316,3732,258026,Water Damage,False,,True
CLM-000265,POL-01235,PL-01235,Timber Creek Manufacturing,2023-10-02,2023-10-03,2024-04-06,Closed,Water Damage,Roof leak during heavy rain,MI,197981,0,197981,249736,6240,197981,Water Damage,False,,False
CLM-000266,POL-01669,PL-01669,Brunswick Industrial Corp,2023-12-21,2023-12-26,2024-07-12,Closed,Hail,Hail cracked exterior cladding,CT,382510,0,382510,186397,15436,382510,Hail,False,,True
CLM-000267,POL-01127,PL-01127,Lancaster Manufacturing PLC,2023-05-05,2023-05-09,,Open,Water Damage,Roof leak during heavy rain,WI,364650,48908,413558,25000,12549,413558,Water Damage,False,,True
CLM-000268,POL-01310,PL-01310,Dominion Storage Partners,2022-07-29,2022-08-07,2023-02-18,Closed,Hail,Hail cracked exterior cladding,PA,545030,0,545030,67485,9021,545030,Hail,False,,True
CLM-000269,POL-01204,PL-01204,Newport Industrial Corp,2024-03-18,2024-03-22,2025-02-14,Closed,Collapse,Roof section collapsed under snow load,OR,1161330,0,1161330,25000,28370,1161330,Collapse,False,,True
CLM-000270,POL-01465,PL-01465,Jasper Distribution LLC,2023-02-26,2023-03-11,2023-06-11,Closed,Earthquake,Foundation damage from earthquake,WA,1077688,0,1077688,53355,28517,1077688,Earthquake,True,,True
CLM-000271,POL-01461,PL-01461,United Pharma Holdings,2022-06-29,2022-07-01,2023-03-16,Closed,Hail,Hail damage to vehicles in parking structure,TX,538909,0,538909,114969,5205,538909,Hail,False,,True
CLM-000272,POL-01277,PL-01277,Ridgeway Office Parks,2023-08-29,2023-09-02,2024-01-20,Closed,Theft/Vandalism,Copper wire theft from HVAC units,WI,91394,0,91394,84551,1495,91394,Theft/Vandalism,False,,False
CLM-000273,POL-01614,PL-01614,Coastal Hospitality Group,2022-10-18,2022-10-26,2023-04-26,Closed,Water Damage,Roof leak during heavy rain,MO,76142,0,76142,29066,2458,76142,Water Damage,False,,False
CLM-000274,POL-01582,PL-01582,Timber Creek Manufacturing,2023-12-09,2023-12-22,,Open,Hail,Hail cracked exterior cladding,MO,205546,54558,260104,36506,2551,260104,Hail,False,,True
CLM-000275,POL-01387,PL-01387,Brunswick Industrial Corp,2021-10-23,2021-10-28,,Open,Water Damage,Pipe burst caused interior flooding,NJ,311505,24389,335894,25000,10149,335894,Water Damage,False,,True
CLM-000276,POL-01748,PL-01748,Grosvenor Retail Holdings,2021-10-30,2021-11-07,2022-10-15,Closed,Water Damage,Sprinkler malfunction caused water damage,WI,154021,0,154021,145146,1208,154021,Water Damage,False,,False
CLM-000277,POL-01448,PL-01448,Highland Hospitality Group,2022-07-20,2022-07-24,2023-06-25,Closed,Equipment Breakdown,Boiler malfunction,NY,75252,0,75252,48513,612,75252,Equipment Breakdown,False,,False
CLM-000278,POL-01127,PL-01127,Lancaster Manufacturing PLC,2023-09-05,2023-09-11,,Open,Wind/Hurricane,Hurricane wind damage to roofing and exterior,WI,197981,19394,217375,25000,8234,217375,Wind/Hurricane,True,,False
CLM-000279,POL-01387,PL-01387,Brunswick Industrial Corp,2023-03-22,2023-03-25,2023-10-05,Closed,Hail,Hail cracked exterior cladding,NJ,392178,0,392178,25000,677,392178,Hail,False,,True
CLM-000280,POL-01284,PL-01284,Timber Creek Manufacturing,2025-01-20,2025-02-01,,Open,Wind/Hurricane,High winds damaged signage and awnings,IN,1854540,284695,2139235,66407,46055,2139235,Wind/Hurricane,True,,True
CLM-000281,POL-01071,PL-01071,Mayfair Hospitality Ltd,2025-01-01,2025-01-05,2025-03-19,Closed,Fire,Overheated machinery ignited nearby materials,MA,170208,0,170208,114655,2877,170208,Fire,False,,False
CLM-000282,POL-01419,PL-01419,Norfolk Agricultural Holdings,2021-05-08,2021-05-17,2022-01-06,Closed,Wind/Hurricane,High winds damaged signage and awnings,NC,315851,0,315851,93729,6253,315851,Wind/Hurricane,True,,True
CLM-000283,POL-01154,PL-01154,Norfolk Agricultural Holdings,2021-11-22,2021-11-24,2022-05-04,Closed,Water Damage,Roof leak during heavy rain,AZ,56315,0,56315,77434,159,56315,Water Damage,False,,False
CLM-000284,POL-01667,PL-01667,Riverside Agricultural Coop,2022-04-07,2022-04-15,2022-05-28,Closed,Hail,Severe hailstorm damaged roofing and skylights,NY,69390,0,69390,25000,2631,69390,Hail,False,,False
CLM-000285,POL-01152,PL-01152,Uptown Retail Partners,2023-03-05,2023-03-18,2024-02-22,Closed,Lightning,Lightning caused transformer failure,MN,58548,0,58548,63009,1493,58548,Lightning,False,,False
CLM-000286,POL-01292,PL-01292,Harbor Point Industries,2024-02-01,2024-02-03,2024-03-22,Closed,Water Damage,Roof leak during heavy rain,LA,259374,0,259374,99341,466,259374,Water Damage,False,,True
CLM-000287,POL-01230,PL-01230,Excalibur Property Trust,2024-04-06,2024-04-12,2025-01-21,Closed,Hail,Severe hailstorm damaged roofing and skylights,TN,44005,0,44005,59974,468,44005,Hail,False,,False
CLM-000288,POL-01531,PL-01531,Central Valley Foods Inc,2022-06-29,2022-07-08,2023-02-05,Closed,Fire,Welding sparks caused small fire,NJ,685126,0,685126,163458,28597,685126,Fire,False,,True
CLM-000289,POL-01738,PL-01738,Exeter Healthcare Properties,2022-06-18,2022-06-25,2022-09-17,Closed,Hail,Hail cracked exterior cladding,FL,227312,0,227312,35782,5133,227312,Hail,False,,False
CLM-000290,POL-01449,PL-01449,Eastwood Retail Holdings,2023-04-11,2023-04-15,2023-08-13,Closed,Hail,Severe hailstorm damaged roofing and skylights,WA,404788,0,404788,32481,7841,404788,Hail,False,,True
CLM-000291,POL-01108,PL-01108,Riverside Agricultural Coop,2024-03-13,2024-03-25,2024-09-11,Closed,Equipment Breakdown,Elevator motor failure,NJ,397178,0,397178,154683,16241,397178,Equipment Breakdown,False,,True
CLM-000292,POL-01363,PL-01363,Kingsway Distribution Ltd,2025-12-29,2026-01-12,2026-06-06,Closed,Water Damage,Roof leak during heavy rain,MO,251740,0,251740,36937,299,251740,Water Damage,False,,True
CLM-000293,POL-01008,PL-01008,Atlantic Seafood Processing,2023-10-21,2023-11-02,2024-06-05,Closed,Wind/Hurricane,High winds damaged signage and awnings,MA,565258,0,565258,50000,12941,565258,Wind/Hurricane,True,,True
CLM-000294,POL-01399,PL-01399,Ironclad Manufacturing LLC,2024-02-23,2024-03-04,2024-08-17,Closed,Hail,Hail cracked exterior cladding,AL,132544,0,132544,64328,514,132544,Hail,False,,False
CLM-000295,POL-01108,PL-01108,Riverside Agricultural Coop,2025-10-22,2025-10-23,2026-04-10,Closed,Earthquake,Structural cracking from seismic event,NJ,2587507,0,2587507,154683,57579,2587507,Earthquake,True,,True
CLM-000296,POL-01715,PL-01715,Warwick Automotive Parts,2022-01-26,2022-02-02,,Open,Hail,Hail cracked exterior cladding,MN,129312,8352,137664,99302,492,137664,Hail,False,,False
CLM-000297,POL-01428,PL-01428,Xenon Technology Inc,2021-10-18,2021-10-23,,Open,Theft/Vandalism,Vandalism to exterior and lobby,WA,77468,2790,80258,33273,3542,80258,Theft/Vandalism,False,,False
CLM-000298,POL-01115,PL-01115,Norfolk Agricultural Holdings,2021-03-04,2021-03-12,2021-07-01,Closed,Collapse,Roof section collapsed under snow load,TN,913571,0,913571,25000,3932,913571,Collapse,False,,True
CLM-000299,POL-01235,PL-01235,Timber Creek Manufacturing,2022-07-14,2022-07-19,2022-08-24,Closed,Water Damage,Sprinkler malfunction caused water damage,MI,335254,0,335254,249736,12260,335254,Water Damage,False,,True
CLM-000300,POL-01152,PL-01152,Uptown Retail Partners,2021-03-18,2021-03-26,2021-11-24,Closed,Wind/Hurricane,Tropical storm caused debris impact damage,MN,1050487,0,1050487,63009,9192,1050487,Wind/Hurricane,True,,True
CLM-000301,POL-01008,PL-01008,Atlantic Seafood Processing,2022-07-30,2022-08-11,,Open,Hail,Hail damage to vehicles in parking structure,MA,64658,14926,79584,50000,1549,79584,Hail,False,,False
CLM-000302,POL-01267,PL-01267,Exeter Healthcare Properties,2022-04-26,2022-05-08,2023-01-10,Closed,Fire,Electrical fire in utility room,AZ,336523,0,336523,142412,742,336523,Fire,False,,True
CLM-000303,POL-01559,PL-01559,Newport Industrial Corp,2023-09-28,2023-10-11,2024-02-23,Closed,Flood,Flash flooding entered ground floor,WA,709482,0,709482,25000,12913,709482,Flood,True,,True
CLM-000304,POL-01583,PL-01583,Silverstone Automotive Group,2023-02-04,2023-02-15,2023-09-12,Closed,Water Damage,Roof leak during heavy rain,WA,312249,0,312249,39812,11478,312249,Water Damage,False,,True
CLM-000305,POL-01347,PL-01347,Hampshire Tech Parks Ltd,2022-12-13,2022-12-26,2023-06-10,Closed,Water Damage,Roof leak during heavy rain,PA,228074,0,228074,25000,8571,228074,Water Damage,False,,False
CLM-000306,POL-01486,PL-01486,Sheffield Steel Processing,2021-06-27,2021-07-07,2021-12-03,Closed,Theft/Vandalism,"Forced entry, electronics stolen",AZ,100643,0,100643,49924,4653,100643,Theft/Vandalism,False,,False
CLM-000307,POL-01632,PL-01632,Brunswick Industrial Corp,2021-12-03,2021-12-04,2022-06-26,Closed,Water Damage,Roof leak during heavy rain,LA,288796,0,288796,25000,4933,288796,Water Damage,False,,True
CLM-000308,POL-01623,PL-01623,Highland Hospitality Group,2021-10-13,2021-10-27,2022-02-25,Closed,Flood,Storm surge caused basement flooding,IN,323199,0,323199,63515,13306,323199,Flood,True,,True
CLM-000309,POL-01111,PL-01111,Xenon Technology Inc,2024-03-24,2024-03-25,2024-08-31,Closed,Smoke Damage,Smoke damage from neighbouring property fire,CA,137855,0,137855,46634,1563,137855,Smoke Damage,False,,False
CLM-000310,POL-01702,PL-01702,Pioneer Cold Storage Inc,2025-09-10,2025-09-23,2026-04-19,Closed,Equipment Breakdown,Boiler malfunction,PA,235455,0,235455,62015,7733,235455,Equipment Breakdown,False,,False
CLM-000311,POL-01405,PL-01405,Falcon Energy Partners,2025-03-20,2025-03-22,2025-08-12,Closed,Wind/Hurricane,High winds damaged signage and awnings,IN,946540,0,946540,157134,21470,946540,Wind/Hurricane,True,,True
CLM-000312,POL-01680,PL-01680,Kingsway Distribution Ltd,2023-10-31,2023-11-13,,Open,Earthquake,Structural cracking from seismic event,CO,727327,173160,900487,25000,5249,900487,Earthquake,True,,True
CLM-000313,POL-01073,PL-01073,Quantum Data Systems LLC,2022-09-13,2022-09-27,2023-01-28,Closed,Theft/Vandalism,Copper wire theft from HVAC units,CO,79376,0,79376,37404,383,79376,Theft/Vandalism,False,,False
CLM-000314,POL-01196,PL-01196,Zephyr Logistics Holdings,2025-05-09,2025-05-20,,Open,Fire,Electrical fire in utility room,AZ,100475,5597,106072,468445,1273,106072,Fire,False,,False
CLM-000315,POL-01114,PL-01114,Junction City Warehousing,2024-11-30,2024-12-10,2025-06-01,Closed,Water Damage,HVAC condensation leak,OH,150130,0,150130,76011,2814,150130,Water Damage,False,,False
CLM-000316,POL-01303,PL-01303,Lancaster Manufacturing PLC,2024-06-13,2024-06-23,2024-08-03,Closed,Water Damage,Sprinkler malfunction caused water damage,WA,231391,0,231391,142303,5784,231391,Water Damage,False,,False
CLM-000317,POL-01350,PL-01350,Platinum Automotive Corp,2023-02-25,2023-03-10,2023-12-27,Closed,Fire,Electrical fire in utility room,CO,756618,0,756618,258115,26050,756618,Fire,False,,True
CLM-000318,POL-01614,PL-01614,Coastal Hospitality Group,2021-02-25,2021-03-04,2021-04-15,Closed,Earthquake,Foundation damage from earthquake,MO,2857542,0,2857542,29066,129428,2857542,Earthquake,True,,True
CLM-000319,POL-01472,PL-01472,Albion Commercial Group,2025-08-29,2025-09-10,2026-08-17,Closed,Wind/Hurricane,Hurricane wind damage to roofing and exterior,FL,366189,0,366189,30541,6954,366189,Wind/Hurricane,True,,True
CLM-000320,POL-01338,PL-01338,Silverstone Automotive Group,2025-05-11,2025-05-23,,Open,Wind/Hurricane,Tropical storm caused debris impact damage,IN,2364160,219734,2583894,136514,72546,2583894,Wind/Hurricane,True,,True
CLM-000321,POL-01099,PL-01099,Essex Food Manufacturing,2025-05-19,2025-05-20,2026-03-04,Closed,Fire,Welding sparks caused small fire,VA,195816,0,195816,25000,4915,195816,Fire,False,,False
CLM-000322,POL-01462,PL-01462,Atlas Commercial Properties,2024-01-03,2024-01-14,2024-02-26,Closed,Wind/Hurricane,Tropical storm caused debris impact damage,WI,1425711,0,1425711,330054,8388,1425711,Wind/Hurricane,True,,True
CLM-000323,POL-01514,PL-01514,Delta Warehousing Group,2021-11-30,2021-12-01,2022-05-27,Closed,Water Damage,HVAC condensation leak,PA,340791,0,340791,25000,1868,340791,Water Damage,False,,True
CLM-000324,POL-01154,PL-01154,Norfolk Agricultural Holdings,2022-05-26,2022-05-27,2023-01-09,Closed,Lightning,Lightning strike damaged electrical systems,AZ,41509,0,41509,77434,781,41509,Lightning,False,,False
CLM-000325,POL-01302,PL-01302,Sheffield Steel Processing,2025-09-28,2025-10-06,2026-02-22,Closed,Fire,Welding sparks caused small fire,FL,403269,0,403269,25000,14130,403269,Fire,False,,True
CLM-000326,POL-01113,PL-01113,Eclipse Energy Holdings,2024-05-24,2024-06-03,2024-07-05,Closed,Fire,Welding sparks caused small fire,TX,206421,0,206421,115675,3784,206421,Fire,False,,False
CLM-000327,POL-01688,PL-01688,Grosvenor Retail Holdings,2023-01-25,2023-02-05,2023-11-29,Closed,Water Damage,Pipe burst caused interior flooding,CT,272943,0,272943,66511,6464,272943,Water Damage,False,,True
CLM-000328,POL-01280,PL-01280,Xenon Technology Inc,2025-12-03,2025-12-14,,Open,Water Damage,HVAC condensation leak,CT,270716,7085,277801,107819,5432,277801,Water Damage,False,,True
CLM-000329,POL-01245,PL-01245,Mayfair Hospitality Ltd,2024-03-14,2024-03-17,,Open,Collapse,Roof section collapsed under snow load,AL,1060596,51543,1112139,146881,34992,1112139,Collapse,False,,True
CLM-000330,POL-01540,PL-01540,Junction City Warehousing,2022-01-15,2022-01-25,,Open,Water Damage,Sprinkler malfunction caused water damage,NY,117052,27741,144793,32907,3275,144793,Water Damage,False,,False
CLM-000331,POL-01233,PL-01233,Vanguard Logistics Corp,2023-03-12,2023-03-13,2023-10-18,Closed,Wind/Hurricane,Hurricane wind damage to roofing and exterior,MN,832768,0,832768,25000,32814,832768,Wind/Hurricane,True,,True
CLM-000332,POL-01111,PL-01111,Xenon Technology Inc,2022-09-14,2022-09-27,2022-12-23,Closed,Water Damage,HVAC condensation leak,CA,118060,0,118060,46634,5080,118060,Water Damage,False,,False
CLM-000333,POL-01218,PL-01218,Mayfair Hospitality Ltd,2021-07-22,2021-07-25,2022-03-07,Closed,Fire,Electrical fire in utility room,OH,535264,0,535264,120641,17853,535264,Fire,False,,True
CLM-000334,POL-01510,PL-01510,Riverside Agricultural Coop,2021-05-29,2021-06-08,2021-09-20,Closed,Fire,Cooking fire spread to adjacent area,GA,815307,0,815307,115945,30713,815307,Fire,False,,True
CLM-000335,POL-01618,PL-01618,Coastal Hospitality Group,2021-05-03,2021-05-16,2022-01-09,Closed,Water Damage,Pipe burst caused interior flooding,PA,103869,0,103869,373408,4054,103869,Water Damage,False,,False
CLM-000336,POL-01024,PL-01024,Highland Hospitality Group,2023-07-11,2023-07-21,2023-12-03,Closed,Fire,Cooking fire spread to adjacent area,MN,781965,0,781965,104441,24041,781965,Fire,False,,True
CLM-000337,POL-01502,PL-01502,Richmond Data Centres LLC,2021-11-19,2021-11-23,2022-10-21,Closed,Earthquake,Foundation damage from earthquake,IN,2008914,0,2008914,169849,77654,2008914,Earthquake,True,,True
CLM-000338,POL-01439,PL-01439,Excalibur Property Trust,2024-12-13,2024-12-26,2025-03-27,Closed,Hail,Hail cracked exterior cladding,NY,273697,0,273697,257577,5056,273697,Hail,False,,True
CLM-000339,POL-01405,PL-01405,Falcon Energy Partners,2022-12-01,2022-12-06,2023-10-01,Closed,Wind/Hurricane,High winds damaged signage and awnings,IN,1616373,0,1616373,157134,74298,1616373,Wind/Hurricane,True,,True
CLM-000340,POL-01465,PL-01465,Jasper Distribution LLC,2024-11-10,2024-11-20,2025-09-22,Closed,Water Damage,Roof leak during heavy rain,WA,160132,0,160132,53355,2698,160132,Water Damage,False,,False
CLM-000341,POL-01677,PL-01677,Pioneer Cold Storage Inc,2024-07-17,2024-07-19,2024-12-22,Closed,Water Damage,HVAC condensation leak,CO,144843,0,144843,77511,6335,144843,Water Damage,False,,False
CLM-000342,POL-01581,PL-01581,United Pharma Holdings,2022-05-06,2022-05-16,2022-09-10,Closed,Water Damage,HVAC condensation leak,LA,134568,0,134568,52910,1290,134568,Water Damage,False,,False
CLM-000343,POL-01337,PL-01337,Riverside Agricultural Coop,2023-05-19,2023-05-30,2023-09-22,Closed,Water Damage,Roof leak during heavy rain,SC,169038,0,169038,31154,6507,169038,Water Damage,False,,False
CLM-000344,POL-01297,PL-01297,Brunswick Industrial Corp,2024-02-07,2024-02-13,2024-06-20,Closed,Fire,Welding sparks caused small fire,IL,742260,0,742260,97607,19302,742260,Fire,False,,True
CLM-000345,POL-01114,PL-01114,Junction City Warehousing,2022-02-26,2022-03-08,2023-02-15,Closed,Theft/Vandalism,Vandalism to exterior and lobby,OH,198990,0,198990,76011,8827,198990,Theft/Vandalism,False,,False
CLM-000346,POL-01489,PL-01489,Essex Food Manufacturing,2024-03-09,2024-03-17,2025-01-08,Closed,Water Damage,HVAC condensation leak,CA,162070,0,162070,49929,2064,162070,Water Damage,False,,False
CLM-000347,POL-01073,PL-01073,Quantum Data Systems LLC,2023-03-17,2023-03-18,2023-05-20,Closed,Wind/Hurricane,Hurricane wind damage to roofing and exterior,CO,2324990,0,2324990,37404,108591,2324990,Wind/Hurricane,True,,True
CLM-000348,POL-01486,PL-01486,Sheffield Steel Processing,2022-07-22,2022-07-31,2023-06-07,Closed,Water Damage,Sprinkler malfunction caused water damage,AZ,371798,0,371798,49924,4939,371798,Water Damage,False,,True
CLM-000349,POL-01434,PL-01434,Oxford Science Properties,2022-10-04,2022-10-06,,Open,Hail,Severe hailstorm damaged roofing and skylights,NJ,314153,41201,355354,161316,1930,355354,Hail,False,,True
CLM-000350,POL-01747,PL-01747,Junction City Warehousing,2022-07-23,2022-07-25,2023-05-29,Closed,Equipment Breakdown,Generator failure during power outage,FL,52890,0,52890,181979,2072,52890,Equipment Breakdown,False,,False
CLM-000351,POL-01729,PL-01729,Xenon Technology Inc,2024-03-06,2024-03-07,2024-04-10,Closed,Theft/Vandalism,"Forced entry, electronics stolen",MN,58027,0,58027,53845,2834,58027,Theft/Vandalism,False,,False
CLM-000352,POL-01708,PL-01708,Junction City Warehousing,2024-06-20,2024-06-30,2025-05-08,Closed,Wind/Hurricane,Tropical storm caused debris impact damage,IN,1122757,0,1122757,44665,19847,1122757,Wind/Hurricane,True,,True
CLM-000353,POL-01237,PL-01237,Bayside Properties LLC,2022-03-27,2022-03-30,2022-11-08,Closed,Fire,Cooking fire spread to adjacent area,LA,612636,0,612636,25000,18878,612636,Fire,False,,True
CLM-000354,POL-01160,PL-01160,Silverstone Automotive Group,2022-07-07,2022-07-20,2023-04-11,Closed,Fire,Electrical fire in utility room,MI,795646,0,795646,42143,9794,795646,Fire,False,,True
CLM-000355,POL-01416,PL-01416,Bayside Properties LLC,2021-12-22,2021-12-26,2022-06-13,Closed,Wind/Hurricane,Hurricane wind damage to roofing and exterior,TN,1189294,0,1189294,186590,14198,1189294,Wind/Hurricane,True,,True
CLM-000356,POL-01306,PL-01306,Vista Energy Storage LLC,2023-07-03,2023-07-07,2023-11-28,Closed,Water Damage,Pipe burst caused interior flooding,FL,326313,0,326313,25000,6665,326313,Water Damage,False,,True
CLM-000357,POL-01448,PL-01448,Highland Hospitality Group,2024-06-13,2024-06-26,2025-01-23,Closed,Water Damage,Pipe burst caused interior flooding,NY,283707,0,283707,48513,10852,283707,Water Damage,False,,True
CLM-000358,POL-01212,PL-01212,Uptown Retail Partners,2023-12-10,2023-12-16,2024-06-21,Closed,Earthquake,Structural cracking from seismic event,VA,1576255,0,1576255,65828,40002,1576255,Earthquake,True,,True
CLM-000359,POL-01397,PL-01397,Norfolk Agricultural Holdings,2024-12-11,2024-12-13,2025-11-13,Closed,Flood,Storm surge caused basement flooding,CT,949175,0,949175,64297,37400,949175,Flood,True,,True
CLM-000360,POL-01213,PL-01213,Newport Industrial Corp,2025-01-04,2025-01-09,2025-06-01,Closed,Wind/Hurricane,Tropical storm caused debris impact damage,CA,951314,0,951314,25000,41749,951314,Wind/Hurricane,True,,True
CLM-000361,POL-01020,PL-01020,Riverside Agricultural Coop,2021-05-13,2021-05-21,2021-06-23,Closed,Theft/Vandalism,Vandalism to exterior and lobby,LA,133294,0,133294,111230,2300,133294,Theft/Vandalism,False,,False
CLM-000362,POL-01392,PL-01392,Riverside Agricultural Coop,2023-05-19,2023-05-21,2024-01-27,Closed,Fire,Overheated machinery ignited nearby materials,OR,497566,0,497566,28052,5686,497566,Fire,False,,True
CLM-000363,POL-01372,PL-01372,Zephyr Logistics Holdings,2022-03-25,2022-04-08,2023-02-17,Closed,Collapse,Roof section collapsed under snow load,MO,371042,0,371042,25000,18165,371042,Collapse,False,,True
CLM-000364,POL-01366,PL-01366,Jasper Distribution LLC,2021-11-22,2021-11-24,2022-11-02,Closed,Fire,Electrical fire in utility room,MO,294008,0,294008,39286,1165,294008,Fire,False,,True
CLM-000365,POL-01255,PL-01255,Omega Tech Campus LLC,2022-07-25,2022-08-08,2022-11-27,Closed,Water Damage,Roof leak during heavy rain,MO,127603,0,127603,157648,1988,127603,Water Damage,False,,False
CLM-000366,POL-01516,PL-01516,Stonebridge Real Estate,2024-03-18,2024-03-29,2024-07-16,Closed,Fire,Overheated machinery ignited nearby materials,MI,924373,0,924373,79311,21734,924373,Fire,False,,True
CLM-000367,POL-01431,PL-01431,Vanguard Logistics Corp,2022-02-05,2022-02-15,2022-04-15,Closed,Earthquake,Structural cracking from seismic event,PA,861486,0,861486,140161,4372,861486,Earthquake,True,,True
CLM-000368,POL-01177,PL-01177,Uptown Retail Partners,2023-01-26,2023-02-07,2023-05-27,Closed,Water Damage,Roof leak during heavy rain,WA,297670,0,297670,131987,13873,297670,Water Damage,False,,True
CLM-000369,POL-01246,PL-01246,Quantum Data Systems LLC,2022-07-12,2022-07-21,2022-08-21,Closed,Equipment Breakdown,Compressor failure in HVAC system,TN,166700,0,166700,25000,1124,166700,Equipment Breakdown,False,,False
CLM-000370,POL-01036,PL-01036,Brunswick Industrial Corp,2024-06-01,2024-06-15,2025-01-05,Closed,Water Damage,HVAC condensation leak,PA,321287,0,321287,41027,3948,321287,Water Damage,False,,True
CLM-000371,POL-01170,PL-01170,Riverside Agricultural Coop,2024-05-26,2024-06-08,2024-07-16,Closed,Theft/Vandalism,"Forced entry, electronics stolen",NC,164820,0,164820,27167,1119,164820,Theft/Vandalism,False,,False
CLM-000372,POL-01291,PL-01291,Inverness Energy Group,2023-03-20,2023-03-29,2024-01-21,Closed,Water Damage,Sprinkler malfunction caused water damage,NY,304593,0,304593,33559,7106,304593,Water Damage,False,,True
CLM-000373,POL-01633,PL-01633,Zenith Food Processing Corp,2025-01-11,2025-01-25,2025-09-05,Closed,Lightning,Lightning caused transformer failure,NJ,119101,0,119101,47380,5579,119101,Lightning,False,,False
CLM-000374,POL-01165,PL-01165,Fitzwilliam Office Trust,2022-02-28,2022-03-02,2023-01-31,Closed,Water Damage,HVAC condensation leak,AZ,199904,0,199904,25000,1154,199904,Water Damage,False,,False
CLM-000375,POL-01419,PL-01419,Norfolk Agricultural Holdings,2025-03-17,2025-03-18,,Open,Water Damage,Roof leak during heavy rain,NC,129831,18976,148807,93729,5031,148807,Water Damage,False,,False
